Name, price, Discount 
Altronics PVC Coated Ligh,279,-65%
Lenovo ThinkPad T14 Intel,170599,-2%
Always4U Laptop Table/Fol,699,-53%
KTRS ENTERPRISE Education,798,-50%
KTRS ENTERPRISE  Learning,798,-50%
Vedo Wooden Adjustable Fo,1100,-20%
Vedo 8.5 inch LCD Writing,549,-66%
Vedo 8.5 inch LCD Writing,339,-52%
U&I High Bass Archer In-E,239,-66%
Unisex ( 25L-40L ),2299,-54%
RRTBZ Back Case Cover for,389,-63%
RRTBZ Shockproof Soft Bac,309,-61%
RRTBZ Shockproof Soft Bac,309,-61%
RRTBZ  Back Case Cover fo,329,-59%
RRTBZ Back Case Cover for,429,-59%
RRTBZ TPU Back Cover for ,349,-59%
RRTBZ Camera Protection B,299,-63%
RRTBZ Back Case Cover for,429,-59%
RRTBZ Smoke Back Case Cov,399,-62%
RRTBZ Smoke Back Case Cov,399,-62%
RRTBZ Smoke Back Case Cov,399,-62%
RRTBZ  Back Case Cover fo,329,-59%
RRTBZ TPU Back Cover for ,369,-65%
RRTBZ TPU Back Cover for ,369,-57%
RRTBZ Back Case Cover for,389,-63%
RRTBZ Shockproof Soft Bac,309,-61%
RRTBZ  Back Case Cover fo,329,-59%
RRTBZ Back Case Cover for,389,-63%
RRTBZ Back Case Cover for,429,-59%
RRTBZ Camera Protection B,299,-63%
RRTBZ TPU Back Cover for ,349,-59%
RRTBZ Soft Silicone TPU B,269,-68%
