Name, price, Discount ,categories
OPPO F19 6 GB 128 GB Prism Black,19490.0,-7%,Mobile_phones
OPPO A54 4 GB 64 GB Crystal Black,14178.0,-5%,Mobile_phones
Redmi 9 4 GB 64 GB Sky Blue,10449.0,-5%,Mobile_phones
Vivo Y20i 3 GB 64 GB Nebula Blue,11490.0,-26%,Mobile_phones
OPPO A54 6 GB 128 GB Crystal Black,16990.0,-6%,Mobile_phones
I Kall Z6 4 GB 64 GB Grey,7299.0,-19%,Mobile_phones
Mi 11X 5G 6 GB 128 GB Lunar White,29990.0,-12%,Mobile_phones
Tecno Spark 7 2 GB 32 GB Magnet Black,8690.0,-3%,Mobile_phones
Samsung Galaxy M31 6 GB 128 GB Ocean Blue,16999.0,-13%,Mobile_phones
Realme 8 Pro 6 GB 128 GB Infinite Black,19999.0,,Mobile_phones
Apple iPhone 11 128 GB Green(Without Earphone & Adapter),59900.0,,Mobile_phones
Vivo Y33s 8 GB 128 GB Midday Dream,17990.0,-18%,Mobile_phones
OnePlus 8 8 GB 128 GB Glacial Green,44499.0,-1%,Mobile_phones
Oppo F19 Pro 8 GB 256 GB Fluid Black,23490.0,-10%,Mobile_phones
Samsung Galaxy A22 6 GB 128 GB Mint,18499.0,-10%,Mobile_phones
POCO C3 3 GB 32 GB (Arctic Blue),8496.0,-15%,Mobile_phones
Realme C25s 4 GB 128 GB Watery Blue,11990.0,,Mobile_phones
Samsung Galaxy Note 20 8 GB 256 GB Mystic Green,65999.0,-23%,Mobile_phones
Vivo Y20G 4 GB 64 GB Obsidian Black,13990.0,-18%,Mobile_phones
Vivo V21 5G 8 GB 256 GB Dusk Blue,32990.0,-8%,Mobile_phones
Vivo X60 Pro 12 GB 256 GB Midnight Black,49990.0,-9%,Mobile_phones
Vivo Y12G 3 GB 32 GB Phantom Black,10990.0,-27%,Mobile_phones
Vivo Y20G 4 GB 64 GB Purist Blue,13990.0,-18%,Mobile_phones
Mi 11X 5G 6 GB 128 GB Celestial Silver,24900.0,-27%,Mobile_phones
Redmi 9A 2 GB 32 GB Midnight Black,7628.0,-10%,Mobile_phones
Vivo Y21 4 GB 64 GB Diamond Glow,13990.0,-22%,Mobile_phones
OnePlus 8 12 GB 256 GB Glacial Green,48999.0,-2%,Mobile_phones
Samsung Galaxy A52 6 GB 128 GB Black,26499.0,-13%,Mobile_phones
Realme C11 2021 2 GB 32 GB Cool Blue,7897.0,-1%,Mobile_phones
Oppo F19 Pro 8 GB 256 GB Crystal Silver,23490.0,-10%,Mobile_phones
Micromax IN 1b 4 GB 64 GB Blue,9999.0,-5%,Mobile_phones
Redmi 9A 2 GB 32 GB Sea Blue,7628.0,-10%,Mobile_phones
,,,Mobile_phones
boAt Bassheads 103 In-Ear,399.0,-69%,Headphones
realme Buds 2 Neo With HD,549.0,-8%,Headphones
Boult Audio ProBass Curve,999.0,-78%,Headphones
boAt Rockerz 235v2 In-Ear,1199.0,-60%,Headphones
boAt Bassheads 103 In-Ear,399.0,-69%,Headphones
Boult Audio AirBass Combu,1299.0,-74%,Headphones
Tiitan S9 In-Ear Wired He,189.0,-81%,Headphones
Portronics Conch Gama POR,299.0,-50%,Headphones
Noise Air Buds True Wirel,2199.0,-63%,Headphones
boAt Airdopes 138 True Wi,1299.0,-57%,Headphones
Boult Audio BassBuds X1 X,349.0,-65%,Headphones
Portronics POR-1186 In-Ea,899.0,-55%,Headphones
boAt BassHeads 100 In-Ear,399.0,-60%,Headphones
Boult Audio AirBass Liveb,1299.0,-86%,Headphones
Portronics Conch Delta PO,279.0,-30%,Headphones
boAt Airdopes 138 True Wi,1299.0,-57%,Headphones
Boult Audio Bassbuds Loop,399.0,-67%,Headphones
Portronics POR-1100 Harmo,1199.0,-40%,Headphones
boAt bassheads 242 In-Ear,549.0,-63%,Headphones
Boult Audio Airbass Freep,1299.0,-78%,Headphones
boAt BassHeads 100 In-Ear,399.0,-60%,Headphones
Boult Audio Bassbuds Loop,459.0,-62%,Headphones
boAt bassheads 100 In-Ear,399.0,-60%,Headphones
Acid eye HBS-730 In-Ear B,385.0,-57%,Headphones
Boult Audio Bass Buds Q2 ,649.0,-74%,Headphones
Portronics Harmonics Twin,1499.0,-50%,Headphones
boAt Bassheads 172 In-Ear,499.0,-62%,Headphones
Boult Audio ProBass Curve,999.0,-78%,Headphones
Zebronics Zeb bro Zeb bro,224.0,-44%,Headphones
realme Buds 2 In-Ear Wire,599.0,-25%,Headphones
Portronics Harmonics 300 ,1299.0,-57%,Headphones
Sony WF-XB700 True Wirele,7990.0,-33%,Headphones
Philips BT1232/15 Beard T,899.0,-5%,grooming_accesories
Syska HT 200 PRO Beard Tr,699.0,-30%,grooming_accesories
Syska HD1600 TRENDSETTER ,745.0,-25%,grooming_accesories
Philips BT3101/15 Beard T,1299.0,-13%,grooming_accesories
Philips HP8100/60 1000 W ,759.0,-10%,grooming_accesories
Philips HP8120 1200 W Hai,1099.0,-18%,grooming_accesories
Philips BT1230/15 Beard T,847.0,-5%,grooming_accesories
Nova NHP 8100 1200 W Hair,499.0,-41%,grooming_accesories
Syska HT3500K Grooming Ki,1599.0,-36%,grooming_accesories
DOMAZO 1290 1000 W Hair D,285.0,-89%,grooming_accesories
Philips BT3221/15 CORDED ,2149.0,-10%,grooming_accesories
Philips BT3211/15 Beard T,1749.0,-8%,grooming_accesories
Syska Hs-6810 Hair Straig,745.0,-43%,grooming_accesories
Pick Ur Needs 6015 5000 W,875.0,-46%,grooming_accesories
Vega VHDH-05 1000 W Hair ,778.0,-13%,grooming_accesories
VGR V-183 Grooming Kit Fo,599.0,-76%,grooming_accesories
Philips Hp8302/00 Hair St,1149.0,-11%,grooming_accesories
DOMAZO DMZ 216 Beard Trim,349.0,-91%,grooming_accesories
GLUCKLICH HH1 1000 W Hair,299.0,-57%,grooming_accesories
Vega Vhss-03 Hair Styler ,2099.0,-26%,grooming_accesories
Orbit Rsw-20 For Men ( Bl,1099.0,-56%,grooming_accesories
Mi XXQ01HM Beard Trimmer ,1475.0,-18%,grooming_accesories
Syska Hs6810 Hair Straigh,729.0,-38%,grooming_accesories
Rock light RL-HD6012 4000,899.0,-10%,grooming_accesories
Philips Bre235/00 satinel,2519.0,-10%,grooming_accesories
VGR V-055 Grooming Kit Fo,695.0,-72%,grooming_accesories
EDDNA Edns2019 Hair Strai,370.0,-63%,grooming_accesories
Syska Hc700 Hair Curler (,1136.0,-39%,grooming_accesories
Havells HD3275 2000 W Hai,1750.0,-27%,grooming_accesories
Philips S3122/55 Men's Sh,3488.0,-13%,grooming_accesories
Vega Vhscc-03 Hair Styler,1999.0,,grooming_accesories
Mi XXQ02HM Multi-Function,1139.0,-5%,grooming_accesories
Quick Heal Total Security,2735.0,-36%,Computer_Accesories
Logitech Mk220 - india Wi,1599.0,-11%,Computer_Accesories
Logitech K230 Wireless Ke,1240.0,-4%,Computer_Accesories
TP-LINK Deco M5(3-pack) 1,14599.0,-51%,Computer_Accesories
Logitech Mk275 Wireless K,1790.0,-25%,Computer_Accesories
Quick Heal Total Security,1699.0,-41%,Computer_Accesories
K7 Total Security Anti-Vi,1124.0,-55%,Computer_Accesories
Logitech Mk200 media comb,1199.0,-14%,Computer_Accesories
K7 Total Security Anti-Vi,899.0,-55%,Computer_Accesories
Tenda N301 300 mbps Wi-fi,1099.0,-45%,Computer_Accesories
Logitech M170 Wireless Mo,765.0,-4%,Computer_Accesories
HP 200 Wireless Mouse ( B,990.0,-1%,Computer_Accesories
Logitech K120 Wired Keybo,799.0,,Computer_Accesories
Quick Heal Antivirus Pro ,695.0,-35%,Computer_Accesories
K7 Total Security Antivir,450.0,-65%,Computer_Accesories
TP-LINK TL-WN725N 150 - 3,599.0,-48%,Computer_Accesories
K7 Total Security 2017 Ne,399.0,-69%,Computer_Accesories
K7 Total Security 1 PC 1 ,410.0,-68%,Computer_Accesories
Dell MS116 Wired Mouse ( ,365.0,-9%,Computer_Accesories
S4 300 mbps wifi adpter 1,299.0,-70%,Computer_Accesories
Quantum QHM 7307 Wired Ke,415.0,-68%,Computer_Accesories
Kaspersky Antivirus Softw,340.0,-43%,Computer_Accesories
HP X1000 Wired Mouse ( Bl,399.0,,Computer_Accesories
k7 Anti Virus 1 Year,289.0,-59%,Computer_Accesories
K7 Anti-Virus Premium Lat,289.0,-59%,Computer_Accesories
K7 Anti Virus Premium (1 ,280.0,-60%,Computer_Accesories
Wayona WYN12150MBPSGOLDEN,399.0,-50%,Computer_Accesories
Namo Arts Combo of Laptop,249.0,-75%,Computer_Accesories
FineArts Spider Back Lapt,299.0,-63%,Computer_Accesories
Namo Arts Combo of Laptop,249.0,-75%,Computer_Accesories
Gizga Essentials External,289.0,-52%,Computer_Accesories
FineArts Joker Ha Ha Lapt,299.0,-63%,Computer_Accesories
Altronics PVC Coated Ligh,279.0,-65%,Electronic_Accesories
Lenovo ThinkPad T14 Intel,170599.0,-2%,Electronic_Accesories
Always4U Laptop Table/Fol,699.0,-53%,Electronic_Accesories
KTRS ENTERPRISE Education,798.0,-50%,Electronic_Accesories
KTRS ENTERPRISE  Learning,798.0,-50%,Electronic_Accesories
Vedo Wooden Adjustable Fo,1100.0,-20%,Electronic_Accesories
Vedo 8.5 inch LCD Writing,549.0,-66%,Electronic_Accesories
Vedo 8.5 inch LCD Writing,339.0,-52%,Electronic_Accesories
U&I High Bass Archer In-E,239.0,-66%,Electronic_Accesories
Unisex ( 25L-40L ),2299.0,-54%,Electronic_Accesories
RRTBZ Back Case Cover for,389.0,-63%,Electronic_Accesories
RRTBZ Shockproof Soft Bac,309.0,-61%,Electronic_Accesories
RRTBZ Shockproof Soft Bac,309.0,-61%,Electronic_Accesories
RRTBZ  Back Case Cover fo,329.0,-59%,Electronic_Accesories
RRTBZ Back Case Cover for,429.0,-59%,Electronic_Accesories
RRTBZ TPU Back Cover for ,349.0,-59%,Electronic_Accesories
RRTBZ Camera Protection B,299.0,-63%,Electronic_Accesories
RRTBZ Back Case Cover for,429.0,-59%,Electronic_Accesories
RRTBZ Smoke Back Case Cov,399.0,-62%,Electronic_Accesories
RRTBZ Smoke Back Case Cov,399.0,-62%,Electronic_Accesories
RRTBZ Smoke Back Case Cov,399.0,-62%,Electronic_Accesories
RRTBZ  Back Case Cover fo,329.0,-59%,Electronic_Accesories
RRTBZ TPU Back Cover for ,369.0,-65%,Electronic_Accesories
RRTBZ TPU Back Cover for ,369.0,-57%,Electronic_Accesories
RRTBZ Back Case Cover for,389.0,-63%,Electronic_Accesories
RRTBZ Shockproof Soft Bac,309.0,-61%,Electronic_Accesories
RRTBZ  Back Case Cover fo,329.0,-59%,Electronic_Accesories
RRTBZ Back Case Cover for,389.0,-63%,Electronic_Accesories
RRTBZ Back Case Cover for,429.0,-59%,Electronic_Accesories
RRTBZ Camera Protection B,299.0,-63%,Electronic_Accesories
RRTBZ TPU Back Cover for ,349.0,-59%,Electronic_Accesories
RRTBZ Soft Silicone TPU B,269.0,-68%,Electronic_Accesories
